title,price,offer,category,site
Samsung 43 Inch 4K UHD Smart LED TV With Built-In Receiver - UA43DU7000UXEG Black,"14,390",20%,television,noon
SKYLINE 32-Inch HD LED TV Skyline LED32-22A Black,"4,999",19%,television,noon
"TORNADO 32 inch LED TV, HD Resolution, Built-in Receiver - 32EC3300E Black","6,748",15%,television,noon
"TORNADO 32 Inch HD Smart TV, Built-In Receiver - 32ES1500E Black","6,940",22%,television,noon
Evolve 43 Inch FHD LED Frameless TV - VLD43NA,"7,299",27%,television,noon
Samsung 32-Inch HD Smart TV With Built In Receiver UA32T5300A / UA32T5300AUXEG Black,"7,799",7%,television,noon
SHARP HD Smart Frameless TV 32 Inch Built-In Receiver - 2T-C32FG6EX Silver,"7,700",14%,television,noon
SHARP 43 Inch FHD Smart Frameless TV With Built in Receiver - 2T-C43FG6EX Silver,"12,199",12%,television,noon
HOHO 32 Inch HD Smart LED TV HK3205S1 Black,"4,999",16%,television,noon
ATA 32-Inch HD LED TV ATA32H0N Black,"4,040",N/A,television,noon
QQ 32-Inch HD LED TV QQ-32HD Black,"4,500",N/A,television,noon
Samsung 43-Inch Full HD Smart TV With Built In Receiver 43T5300 / UA43T5300AUXEG Black,"13,499",5%,television,noon
Grouhy 32 Inch LED HD TV GLD32NA Black,"4,099",48%,television,noon
SKYLINE 32-Inch HD LED Android Smart TV Skyline LED32-22S Smart Black,"4,878",14%,television,noon
Samsung 55 Inch 4K UHD Smart LED TV with Built-in Receiver - UA55DU7000UXEG Black,"57,475",N/A,television,noon
"LG 43 inch, LED Smart TV 43LM6300PVB / 43LM6370PVA Black","14,099",N/A,television,noon
LG LG 60 Inch 4K UHD Smart LED TV with Built-in Receiver 60UQ79006LD Black,"24,199",N/A,television,noon
Evolve 32 Inch HD LED Frameless TV -VLD32NA,"4,199",16%,television,noon
ATA 43-Inch high quality LED TV ATA43F0N Black,"7,066",N/A,television,noon
Hershman 28-inch HD LED TV HM28B02 Black,"4,399",N/A,television,noon
HOHO 32-Inch HD LED Standard TV HK 3205 Black,"4,600",N/A,television,noon
Xiaomi Xiaomi TV 55 Inch 4K UHD Smart LED with Built-in Receiver & Google TV - L55MAAEG Black,"15,999",N/A,television,noon
Samsung 40-Inch Smart Full HD LED TV With Built-In Receiver UA40T5300/UA40T5300AUXEG Black,"13,749",N/A,television,noon
Samsung 65 Inch 4K UHD Smart LED TV with Built-in Receiver - UA65DU7000UXEG Black,"26,000",N/A,television,noon
HOHO 43-Inch Full HD Smart LED TV HK4305S1 Black,"11,699",N/A,television,noon
Samsung 55 inch 4K UHD Smart LED TV with Built-in Receiver UA55DU8000 Titan Gray UA55DU8000 Titan Gray,"21,000",8%,television,noon
"SHARP 50 Inch 4K Frameless TV, Built-In Receiver 4T-C50DL6EX Black","16,499",21%,television,noon
"SHARP 65 Inch 4K Frameless TV, Android, Built-In Receiver 4T-C65DL6EX Black","23,449",14%,television,noon
Evolve 43 Inch FHD Smart LED TV Frameless - VLD43SAWOR,"8,299",7%,television,noon
LG LG 55 Inch 4K UHD Smart LED TV with Built in Receiver - 55UT80006LB 55UT80006LB Black,"24,047",N/A,television,noon
Grouhy 43 Inch FHD LED Frameless TV - GLD43NAV2,"7,299",33%,television,noon
Samsung 50 Inch 4K UHD Smart LED TV - UA50DU7000UXEG 50DU7000 Black,"17,999",N/A,television,noon
"Samsung Smart TV, Crystal UHD, DU7000, 50 Inch, 2024, PurColor, 4K Upscaling, Tizen OS, Q-Symphony (UAE Version) UA50DU7000 Black","37,525",N/A,television,noon
Haier 55 Inch 4K UHD Smart Google TV - Dolby Audio - Stereo Speaker - MEMC/VRR/ALLM  - 2+32GB RAM/ ROM - Voice Control - HDR10 - Chromecast- HDMI 2.1 - Bezel-Less Design - H55K80EU Black,"15,990",N/A,television,noon
Jac 43-inch Smart Android Full HD  LED TV from J ac,"8,799",46%,television,noon
HOHO 43-inch Full HD LED TV HK4305 Piano Black,"10,000",N/A,television,noon
Samsung 75 Inch 4K UHD Smart LED TV with Built-in Receiver - 75DU7000 UA75DU7000UXEG Black,"33,999",N/A,television,noon
TORNADO 4K Smart Frameless LED TV 65 Inch Built-In Receiver 65UA3400E Black,"21,999",N/A,television,noon
SHARP 55 Inch 4K Frameless Smart Android TV  With Built-In Receiver 4T-C55DL6EX Silver,"18,999",10%,television,noon
LG LG 65 Inch 4K UHD Smart LED TV with Built in Receiver - 65UT80006LB 65UT80006LB Black,"28,900",6%,television,noon
Grouhy 32 Inch LED TV Frameless - GLD32NAV2,"4,299",21%,television,noon
Grouhy 55 Inch 4K Ultra HD LED Smart Frameless TV With Built In Receiver - GLD55SAWOR,"13,999",6%,television,noon
ATA 43-Inch Full HD LED Smart TV ATA43F0S Black,"8,180",N/A,television,noon
ATA ATA HD LED Smart 32 inch Tv - Black,"5,105",N/A,television,noon
Evolve 50 Inch 4K Smart LED Frameless TV - VLD50SAWOR,"12,449",22%,television,noon
Hershman 40 inch  Hd Led Television HM40B02-F Black,"7,499",N/A,television,noon
"SKYLINE SkyLine 43 Inch FHD Smart LED TV, Black - 43SF01","9,500",N/A,television,noon
Samsung Samsung 60 Inches 4K Crystal UHD Smart LED TV with Built in Receiver- UA60DU7000UXEG Black,"19,799",13%,television,noon
"Samsung 50 Inch TV Crystal Processor 4K LED [2024 Model] UA50DU8000UXEG, DU8000 Titan Gray UA50DU8000UXEG, DU8000 Titan Gray","17,890",18%,television,noon
Haier 50 Inch 4K QLED Smart Google TV - Gaming@120 Hz  - Dolby Vision & Atmos - MEMC/VRR/ALLM  - 2+32GB RAM/ ROM - Voice Control - HDR10 - Chromecast- HDMI 2.1 - Premium Bezel-Less Design - H50S80EU Black,"25,599",N/A,television,noon
Samsung 43 Inch 4K UHD Smart LED TV With Built-In Receiver - UA43DU7000UXEG Black,"14,390",20%,television,noon
SKYLINE 32-Inch HD LED TV Skyline LED32-22A Black,"4,999",19%,television,noon
"TORNADO 32 inch LED TV, HD Resolution, Built-in Receiver - 32EC3300E Black","6,748",15%,television,noon
"TORNADO 32 Inch HD Smart TV, Built-In Receiver - 32ES1500E Black","6,940",22%,television,noon
Evolve 43 Inch FHD LED Frameless TV - VLD43NA,"7,299",27%,television,noon
Samsung 32-Inch HD Smart TV With Built In Receiver UA32T5300A / UA32T5300AUXEG Black,"7,799",7%,television,noon
SHARP HD Smart Frameless TV 32 Inch Built-In Receiver - 2T-C32FG6EX Silver,"7,700",14%,television,noon
SHARP 43 Inch FHD Smart Frameless TV With Built in Receiver - 2T-C43FG6EX Silver,"12,199",12%,television,noon
HOHO 32 Inch HD Smart LED TV HK3205S1 Black,"4,999",16%,television,noon
ATA 32-Inch HD LED TV ATA32H0N Black,"4,040",N/A,television,noon
QQ 32-Inch HD LED TV QQ-32HD Black,"4,500",N/A,television,noon
Samsung 43-Inch Full HD Smart TV With Built In Receiver 43T5300 / UA43T5300AUXEG Black,"13,499",5%,television,noon
Grouhy 32 Inch LED HD TV GLD32NA Black,"4,099",48%,television,noon
SKYLINE 32-Inch HD LED Android Smart TV Skyline LED32-22S Smart Black,"4,878",14%,television,noon
Samsung 55 Inch 4K UHD Smart LED TV with Built-in Receiver - UA55DU7000UXEG Black,"57,475",N/A,television,noon
"LG 43 inch, LED Smart TV 43LM6300PVB / 43LM6370PVA Black","14,099",N/A,television,noon
LG LG 60 Inch 4K UHD Smart LED TV with Built-in Receiver 60UQ79006LD Black,"24,199",N/A,television,noon
Evolve 32 Inch HD LED Frameless TV -VLD32NA,"4,199",16%,television,noon
ATA 43-Inch high quality LED TV ATA43F0N Black,"7,066",N/A,television,noon
Hershman 28-inch HD LED TV HM28B02 Black,"4,399",N/A,television,noon
HOHO 32-Inch HD LED Standard TV HK 3205 Black,"4,600",N/A,television,noon
Xiaomi Xiaomi TV 55 Inch 4K UHD Smart LED with Built-in Receiver & Google TV - L55MAAEG Black,"15,999",N/A,television,noon
Samsung 40-Inch Smart Full HD LED TV With Built-In Receiver UA40T5300/UA40T5300AUXEG Black,"13,749",N/A,television,noon
Samsung 65 Inch 4K UHD Smart LED TV with Built-in Receiver - UA65DU7000UXEG Black,"26,000",N/A,television,noon
HOHO 43-Inch Full HD Smart LED TV HK4305S1 Black,"11,699",N/A,television,noon
Samsung 55 inch 4K UHD Smart LED TV with Built-in Receiver UA55DU8000 Titan Gray UA55DU8000 Titan Gray,"21,000",8%,television,noon
"SHARP 50 Inch 4K Frameless TV, Built-In Receiver 4T-C50DL6EX Black","16,499",21%,television,noon
"SHARP 65 Inch 4K Frameless TV, Android, Built-In Receiver 4T-C65DL6EX Black","23,449",14%,television,noon
Evolve 43 Inch FHD Smart LED TV Frameless - VLD43SAWOR,"8,299",7%,television,noon
LG LG 55 Inch 4K UHD Smart LED TV with Built in Receiver - 55UT80006LB 55UT80006LB Black,"24,047",N/A,television,noon
Grouhy 43 Inch FHD LED Frameless TV - GLD43NAV2,"7,299",33%,television,noon
Samsung 50 Inch 4K UHD Smart LED TV - UA50DU7000UXEG 50DU7000 Black,"17,999",N/A,television,noon
"Samsung Smart TV, Crystal UHD, DU7000, 50 Inch, 2024, PurColor, 4K Upscaling, Tizen OS, Q-Symphony (UAE Version) UA50DU7000 Black","37,525",N/A,television,noon
Haier 55 Inch 4K UHD Smart Google TV - Dolby Audio - Stereo Speaker - MEMC/VRR/ALLM  - 2+32GB RAM/ ROM - Voice Control - HDR10 - Chromecast- HDMI 2.1 - Bezel-Less Design - H55K80EU Black,"15,990",N/A,television,noon
Jac 43-inch Smart Android Full HD  LED TV from J ac,"8,799",46%,television,noon
HOHO 43-inch Full HD LED TV HK4305 Piano Black,"10,000",N/A,television,noon
Samsung 75 Inch 4K UHD Smart LED TV with Built-in Receiver - 75DU7000 UA75DU7000UXEG Black,"33,999",N/A,television,noon
TORNADO 4K Smart Frameless LED TV 65 Inch Built-In Receiver 65UA3400E Black,"21,999",N/A,television,noon
SHARP 55 Inch 4K Frameless Smart Android TV  With Built-In Receiver 4T-C55DL6EX Silver,"18,999",10%,television,noon
LG LG 65 Inch 4K UHD Smart LED TV with Built in Receiver - 65UT80006LB 65UT80006LB Black,"28,900",6%,television,noon
Grouhy 32 Inch LED TV Frameless - GLD32NAV2,"4,299",21%,television,noon
Grouhy 55 Inch 4K Ultra HD LED Smart Frameless TV With Built In Receiver - GLD55SAWOR,"13,999",6%,television,noon
ATA 43-Inch Full HD LED Smart TV ATA43F0S Black,"8,180",N/A,television,noon
ATA ATA HD LED Smart 32 inch Tv - Black,"5,105",N/A,television,noon
Evolve 50 Inch 4K Smart LED Frameless TV - VLD50SAWOR,"12,449",22%,television,noon
Hershman 40 inch  Hd Led Television HM40B02-F Black,"7,499",N/A,television,noon
"SKYLINE SkyLine 43 Inch FHD Smart LED TV, Black - 43SF01","9,500",N/A,television,noon
Samsung Samsung 60 Inches 4K Crystal UHD Smart LED TV with Built in Receiver- UA60DU7000UXEG Black,"19,799",13%,television,noon
"Samsung 50 Inch TV Crystal Processor 4K LED [2024 Model] UA50DU8000UXEG, DU8000 Titan Gray UA50DU8000UXEG, DU8000 Titan Gray","17,890",18%,television,noon
Haier 50 Inch 4K QLED Smart Google TV - Gaming@120 Hz  - Dolby Vision & Atmos - MEMC/VRR/ALLM  - 2+32GB RAM/ ROM - Voice Control - HDR10 - Chromecast- HDMI 2.1 - Premium Bezel-Less Design - H50S80EU Black,"25,599",N/A,television,noon
Samsung 43 Inch 4K UHD Smart LED TV With Built-In Receiver - UA43DU7000UXEG Black,"14,390",20%,television,noon
SKYLINE 32-Inch HD LED TV Skyline LED32-22A Black,"4,999",19%,television,noon
"TORNADO 32 inch LED TV, HD Resolution, Built-in Receiver - 32EC3300E Black","6,748",15%,television,noon
"TORNADO 32 Inch HD Smart TV, Built-In Receiver - 32ES1500E Black","6,940",22%,television,noon
Evolve 43 Inch FHD LED Frameless TV - VLD43NA,"7,299",27%,television,noon
Samsung 32-Inch HD Smart TV With Built In Receiver UA32T5300A / UA32T5300AUXEG Black,"7,799",7%,television,noon
SHARP HD Smart Frameless TV 32 Inch Built-In Receiver - 2T-C32FG6EX Silver,"7,700",14%,television,noon
SHARP 43 Inch FHD Smart Frameless TV With Built in Receiver - 2T-C43FG6EX Silver,"12,199",12%,television,noon
HOHO 32 Inch HD Smart LED TV HK3205S1 Black,"4,999",16%,television,noon
ATA 32-Inch HD LED TV ATA32H0N Black,"4,040",N/A,television,noon
QQ 32-Inch HD LED TV QQ-32HD Black,"4,500",N/A,television,noon
Samsung 43-Inch Full HD Smart TV With Built In Receiver 43T5300 / UA43T5300AUXEG Black,"13,499",5%,television,noon
Grouhy 32 Inch LED HD TV GLD32NA Black,"4,099",48%,television,noon
SKYLINE 32-Inch HD LED Android Smart TV Skyline LED32-22S Smart Black,"4,878",14%,television,noon
Samsung 55 Inch 4K UHD Smart LED TV with Built-in Receiver - UA55DU7000UXEG Black,"57,475",N/A,television,noon
"LG 43 inch, LED Smart TV 43LM6300PVB / 43LM6370PVA Black","14,099",N/A,television,noon
LG LG 60 Inch 4K UHD Smart LED TV with Built-in Receiver 60UQ79006LD Black,"24,199",N/A,television,noon
Evolve 32 Inch HD LED Frameless TV -VLD32NA,"4,199",16%,television,noon
ATA 43-Inch high quality LED TV ATA43F0N Black,"7,066",N/A,television,noon
Hershman 28-inch HD LED TV HM28B02 Black,"4,399",N/A,television,noon
HOHO 32-Inch HD LED Standard TV HK 3205 Black,"4,600",N/A,television,noon
Xiaomi Xiaomi TV 55 Inch 4K UHD Smart LED with Built-in Receiver & Google TV - L55MAAEG Black,"15,999",N/A,television,noon
Samsung 40-Inch Smart Full HD LED TV With Built-In Receiver UA40T5300/UA40T5300AUXEG Black,"13,749",N/A,television,noon
Samsung 65 Inch 4K UHD Smart LED TV with Built-in Receiver - UA65DU7000UXEG Black,"26,000",N/A,television,noon
HOHO 43-Inch Full HD Smart LED TV HK4305S1 Black,"11,699",N/A,television,noon
Samsung 55 inch 4K UHD Smart LED TV with Built-in Receiver UA55DU8000 Titan Gray UA55DU8000 Titan Gray,"21,000",8%,television,noon
"SHARP 50 Inch 4K Frameless TV, Built-In Receiver 4T-C50DL6EX Black","16,499",21%,television,noon
"SHARP 65 Inch 4K Frameless TV, Android, Built-In Receiver 4T-C65DL6EX Black","23,449",14%,television,noon
Evolve 43 Inch FHD Smart LED TV Frameless - VLD43SAWOR,"8,299",7%,television,noon
LG LG 55 Inch 4K UHD Smart LED TV with Built in Receiver - 55UT80006LB 55UT80006LB Black,"24,047",N/A,television,noon
Grouhy 43 Inch FHD LED Frameless TV - GLD43NAV2,"7,299",33%,television,noon
Samsung 50 Inch 4K UHD Smart LED TV - UA50DU7000UXEG 50DU7000 Black,"17,999",N/A,television,noon
"Samsung Smart TV, Crystal UHD, DU7000, 50 Inch, 2024, PurColor, 4K Upscaling, Tizen OS, Q-Symphony (UAE Version) UA50DU7000 Black","37,525",N/A,television,noon
Haier 55 Inch 4K UHD Smart Google TV - Dolby Audio - Stereo Speaker - MEMC/VRR/ALLM  - 2+32GB RAM/ ROM - Voice Control - HDR10 - Chromecast- HDMI 2.1 - Bezel-Less Design - H55K80EU Black,"15,990",N/A,television,noon
Jac 43-inch Smart Android Full HD  LED TV from J ac,"8,799",46%,television,noon
HOHO 43-inch Full HD LED TV HK4305 Piano Black,"10,000",N/A,television,noon
Samsung 75 Inch 4K UHD Smart LED TV with Built-in Receiver - 75DU7000 UA75DU7000UXEG Black,"33,999",N/A,television,noon
TORNADO 4K Smart Frameless LED TV 65 Inch Built-In Receiver 65UA3400E Black,"21,999",N/A,television,noon
SHARP 55 Inch 4K Frameless Smart Android TV  With Built-In Receiver 4T-C55DL6EX Silver,"18,999",10%,television,noon
LG LG 65 Inch 4K UHD Smart LED TV with Built in Receiver - 65UT80006LB 65UT80006LB Black,"28,900",6%,television,noon
Grouhy 32 Inch LED TV Frameless - GLD32NAV2,"4,299",21%,television,noon
Grouhy 55 Inch 4K Ultra HD LED Smart Frameless TV With Built In Receiver - GLD55SAWOR,"13,999",6%,television,noon
ATA 43-Inch Full HD LED Smart TV ATA43F0S Black,"8,180",N/A,television,noon
ATA ATA HD LED Smart 32 inch Tv - Black,"5,105",N/A,television,noon
Evolve 50 Inch 4K Smart LED Frameless TV - VLD50SAWOR,"12,449",22%,television,noon
Hershman 40 inch  Hd Led Television HM40B02-F Black,"7,499",N/A,television,noon
"SKYLINE SkyLine 43 Inch FHD Smart LED TV, Black - 43SF01","9,500",N/A,television,noon
Samsung Samsung 60 Inches 4K Crystal UHD Smart LED TV with Built in Receiver- UA60DU7000UXEG Black,"19,799",13%,television,noon
"Samsung 50 Inch TV Crystal Processor 4K LED [2024 Model] UA50DU8000UXEG, DU8000 Titan Gray UA50DU8000UXEG, DU8000 Titan Gray","17,890",18%,television,noon
Haier 50 Inch 4K QLED Smart Google TV - Gaming@120 Hz  - Dolby Vision & Atmos - MEMC/VRR/ALLM  - 2+32GB RAM/ ROM - Voice Control - HDR10 - Chromecast- HDMI 2.1 - Premium Bezel-Less Design - H50S80EU Black,"25,599",N/A,television,noon
Samsung 43 Inch 4K UHD Smart LED TV With Built-In Receiver - UA43DU7000UXEG Black,"14,390",20%,television,noon
SKYLINE 32-Inch HD LED TV Skyline LED32-22A Black,"4,999",19%,television,noon
"TORNADO 32 inch LED TV, HD Resolution, Built-in Receiver - 32EC3300E Black","6,748",15%,television,noon
"TORNADO 32 Inch HD Smart TV, Built-In Receiver - 32ES1500E Black","6,940",22%,television,noon
Evolve 43 Inch FHD LED Frameless TV - VLD43NA,"7,299",27%,television,noon
Samsung 32-Inch HD Smart TV With Built In Receiver UA32T5300A / UA32T5300AUXEG Black,"7,799",7%,television,noon
SHARP HD Smart Frameless TV 32 Inch Built-In Receiver - 2T-C32FG6EX Silver,"7,700",14%,television,noon
SHARP 43 Inch FHD Smart Frameless TV With Built in Receiver - 2T-C43FG6EX Silver,"12,199",12%,television,noon
HOHO 32 Inch HD Smart LED TV HK3205S1 Black,"4,999",16%,television,noon
ATA 32-Inch HD LED TV ATA32H0N Black,"4,040",N/A,television,noon
QQ 32-Inch HD LED TV QQ-32HD Black,"4,500",N/A,television,noon
Samsung 43-Inch Full HD Smart TV With Built In Receiver 43T5300 / UA43T5300AUXEG Black,"13,499",5%,television,noon
Grouhy 32 Inch LED HD TV GLD32NA Black,"4,099",48%,television,noon
SKYLINE 32-Inch HD LED Android Smart TV Skyline LED32-22S Smart Black,"4,878",14%,television,noon
Samsung 55 Inch 4K UHD Smart LED TV with Built-in Receiver - UA55DU7000UXEG Black,"57,475",N/A,television,noon
"LG 43 inch, LED Smart TV 43LM6300PVB / 43LM6370PVA Black","14,099",N/A,television,noon
LG LG 60 Inch 4K UHD Smart LED TV with Built-in Receiver 60UQ79006LD Black,"24,199",N/A,television,noon
Evolve 32 Inch HD LED Frameless TV -VLD32NA,"4,199",16%,television,noon
ATA 43-Inch high quality LED TV ATA43F0N Black,"7,066",N/A,television,noon
Hershman 28-inch HD LED TV HM28B02 Black,"4,399",N/A,television,noon
HOHO 32-Inch HD LED Standard TV HK 3205 Black,"4,600",N/A,television,noon
Xiaomi Xiaomi TV 55 Inch 4K UHD Smart LED with Built-in Receiver & Google TV - L55MAAEG Black,"15,999",N/A,television,noon
Samsung 40-Inch Smart Full HD LED TV With Built-In Receiver UA40T5300/UA40T5300AUXEG Black,"13,749",N/A,television,noon
Samsung 65 Inch 4K UHD Smart LED TV with Built-in Receiver - UA65DU7000UXEG Black,"26,000",N/A,television,noon
HOHO 43-Inch Full HD Smart LED TV HK4305S1 Black,"11,699",N/A,television,noon
Samsung 55 inch 4K UHD Smart LED TV with Built-in Receiver UA55DU8000 Titan Gray UA55DU8000 Titan Gray,"21,000",8%,television,noon
"SHARP 50 Inch 4K Frameless TV, Built-In Receiver 4T-C50DL6EX Black","16,499",21%,television,noon
"SHARP 65 Inch 4K Frameless TV, Android, Built-In Receiver 4T-C65DL6EX Black","23,449",14%,television,noon
Evolve 43 Inch FHD Smart LED TV Frameless - VLD43SAWOR,"8,299",7%,television,noon
LG LG 55 Inch 4K UHD Smart LED TV with Built in Receiver - 55UT80006LB 55UT80006LB Black,"24,047",N/A,television,noon
Grouhy 43 Inch FHD LED Frameless TV - GLD43NAV2,"7,299",33%,television,noon
Samsung 50 Inch 4K UHD Smart LED TV - UA50DU7000UXEG 50DU7000 Black,"17,999",N/A,television,noon
"Samsung Smart TV, Crystal UHD, DU7000, 50 Inch, 2024, PurColor, 4K Upscaling, Tizen OS, Q-Symphony (UAE Version) UA50DU7000 Black","37,525",N/A,television,noon
Haier 55 Inch 4K UHD Smart Google TV - Dolby Audio - Stereo Speaker - MEMC/VRR/ALLM  - 2+32GB RAM/ ROM - Voice Control - HDR10 - Chromecast- HDMI 2.1 - Bezel-Less Design - H55K80EU Black,"15,990",N/A,television,noon
Jac 43-inch Smart Android Full HD  LED TV from J ac,"8,799",46%,television,noon
HOHO 43-inch Full HD LED TV HK4305 Piano Black,"10,000",N/A,television,noon
Samsung 75 Inch 4K UHD Smart LED TV with Built-in Receiver - 75DU7000 UA75DU7000UXEG Black,"33,999",N/A,television,noon
TORNADO 4K Smart Frameless LED TV 65 Inch Built-In Receiver 65UA3400E Black,"21,999",N/A,television,noon
SHARP 55 Inch 4K Frameless Smart Android TV  With Built-In Receiver 4T-C55DL6EX Silver,"18,999",10%,television,noon
LG LG 65 Inch 4K UHD Smart LED TV with Built in Receiver - 65UT80006LB 65UT80006LB Black,"28,900",6%,television,noon
Grouhy 32 Inch LED TV Frameless - GLD32NAV2,"4,299",21%,television,noon
Grouhy 55 Inch 4K Ultra HD LED Smart Frameless TV With Built In Receiver - GLD55SAWOR,"13,999",6%,television,noon
ATA 43-Inch Full HD LED Smart TV ATA43F0S Black,"8,180",N/A,television,noon
ATA ATA HD LED Smart 32 inch Tv - Black,"5,105",N/A,television,noon
Evolve 50 Inch 4K Smart LED Frameless TV - VLD50SAWOR,"12,449",22%,television,noon
Hershman 40 inch  Hd Led Television HM40B02-F Black,"7,499",N/A,television,noon
"SKYLINE SkyLine 43 Inch FHD Smart LED TV, Black - 43SF01","9,500",N/A,television,noon
Samsung Samsung 60 Inches 4K Crystal UHD Smart LED TV with Built in Receiver- UA60DU7000UXEG Black,"19,799",13%,television,noon
"Samsung 50 Inch TV Crystal Processor 4K LED [2024 Model] UA50DU8000UXEG, DU8000 Titan Gray UA50DU8000UXEG, DU8000 Titan Gray","17,890",18%,television,noon
Haier 50 Inch 4K QLED Smart Google TV - Gaming@120 Hz  - Dolby Vision & Atmos - MEMC/VRR/ALLM  - 2+32GB RAM/ ROM - Voice Control - HDR10 - Chromecast- HDMI 2.1 - Premium Bezel-Less Design - H50S80EU Black,"25,599",N/A,television,noon
Samsung 43 Inch 4K UHD Smart LED TV With Built-In Receiver - UA43DU7000UXEG Black,"14,390",20%,television,noon
SKYLINE 32-Inch HD LED TV Skyline LED32-22A Black,"4,999",19%,television,noon
"TORNADO 32 inch LED TV, HD Resolution, Built-in Receiver - 32EC3300E Black","6,748",15%,television,noon
"TORNADO 32 Inch HD Smart TV, Built-In Receiver - 32ES1500E Black","6,940",22%,television,noon
Evolve 43 Inch FHD LED Frameless TV - VLD43NA,"7,299",27%,television,noon
Samsung 32-Inch HD Smart TV With Built In Receiver UA32T5300A / UA32T5300AUXEG Black,"7,799",7%,television,noon
SHARP HD Smart Frameless TV 32 Inch Built-In Receiver - 2T-C32FG6EX Silver,"7,700",14%,television,noon
SHARP 43 Inch FHD Smart Frameless TV With Built in Receiver - 2T-C43FG6EX Silver,"12,199",12%,television,noon
HOHO 32 Inch HD Smart LED TV HK3205S1 Black,"4,999",16%,television,noon
ATA 32-Inch HD LED TV ATA32H0N Black,"4,040",N/A,television,noon
QQ 32-Inch HD LED TV QQ-32HD Black,"4,500",N/A,television,noon
Samsung 43-Inch Full HD Smart TV With Built In Receiver 43T5300 / UA43T5300AUXEG Black,"13,499",5%,television,noon
Grouhy 32 Inch LED HD TV GLD32NA Black,"4,099",48%,television,noon
SKYLINE 32-Inch HD LED Android Smart TV Skyline LED32-22S Smart Black,"4,878",14%,television,noon
Samsung 55 Inch 4K UHD Smart LED TV with Built-in Receiver - UA55DU7000UXEG Black,"57,475",N/A,television,noon
"LG 43 inch, LED Smart TV 43LM6300PVB / 43LM6370PVA Black","14,099",N/A,television,noon
LG LG 60 Inch 4K UHD Smart LED TV with Built-in Receiver 60UQ79006LD Black,"24,199",N/A,television,noon
Evolve 32 Inch HD LED Frameless TV -VLD32NA,"4,199",16%,television,noon
ATA 43-Inch high quality LED TV ATA43F0N Black,"7,066",N/A,television,noon
Hershman 28-inch HD LED TV HM28B02 Black,"4,399",N/A,television,noon
HOHO 32-Inch HD LED Standard TV HK 3205 Black,"4,600",N/A,television,noon
Xiaomi Xiaomi TV 55 Inch 4K UHD Smart LED with Built-in Receiver & Google TV - L55MAAEG Black,"15,999",N/A,television,noon
Samsung 40-Inch Smart Full HD LED TV With Built-In Receiver UA40T5300/UA40T5300AUXEG Black,"13,749",N/A,television,noon
Samsung 65 Inch 4K UHD Smart LED TV with Built-in Receiver - UA65DU7000UXEG Black,"26,000",N/A,television,noon
HOHO 43-Inch Full HD Smart LED TV HK4305S1 Black,"11,699",N/A,television,noon
Samsung 55 inch 4K UHD Smart LED TV with Built-in Receiver UA55DU8000 Titan Gray UA55DU8000 Titan Gray,"21,000",8%,television,noon
"SHARP 50 Inch 4K Frameless TV, Built-In Receiver 4T-C50DL6EX Black","16,499",21%,television,noon
"SHARP 65 Inch 4K Frameless TV, Android, Built-In Receiver 4T-C65DL6EX Black","23,449",14%,television,noon
Evolve 43 Inch FHD Smart LED TV Frameless - VLD43SAWOR,"8,299",7%,television,noon
LG LG 55 Inch 4K UHD Smart LED TV with Built in Receiver - 55UT80006LB 55UT80006LB Black,"24,047",N/A,television,noon
Grouhy 43 Inch FHD LED Frameless TV - GLD43NAV2,"7,299",33%,television,noon
Samsung 50 Inch 4K UHD Smart LED TV - UA50DU7000UXEG 50DU7000 Black,"17,999",N/A,television,noon
"Samsung Smart TV, Crystal UHD, DU7000, 50 Inch, 2024, PurColor, 4K Upscaling, Tizen OS, Q-Symphony (UAE Version) UA50DU7000 Black","37,525",N/A,television,noon
Haier 55 Inch 4K UHD Smart Google TV - Dolby Audio - Stereo Speaker - MEMC/VRR/ALLM  - 2+32GB RAM/ ROM - Voice Control - HDR10 - Chromecast- HDMI 2.1 - Bezel-Less Design - H55K80EU Black,"15,990",N/A,television,noon
Jac 43-inch Smart Android Full HD  LED TV from J ac,"8,799",46%,television,noon
HOHO 43-inch Full HD LED TV HK4305 Piano Black,"10,000",N/A,television,noon
Samsung 75 Inch 4K UHD Smart LED TV with Built-in Receiver - 75DU7000 UA75DU7000UXEG Black,"33,999",N/A,television,noon
TORNADO 4K Smart Frameless LED TV 65 Inch Built-In Receiver 65UA3400E Black,"21,999",N/A,television,noon
SHARP 55 Inch 4K Frameless Smart Android TV  With Built-In Receiver 4T-C55DL6EX Silver,"18,999",10%,television,noon
LG LG 65 Inch 4K UHD Smart LED TV with Built in Receiver - 65UT80006LB 65UT80006LB Black,"28,900",6%,television,noon
Grouhy 32 Inch LED TV Frameless - GLD32NAV2,"4,299",21%,television,noon
Grouhy 55 Inch 4K Ultra HD LED Smart Frameless TV With Built In Receiver - GLD55SAWOR,"13,999",6%,television,noon
ATA 43-Inch Full HD LED Smart TV ATA43F0S Black,"8,180",N/A,television,noon
ATA ATA HD LED Smart 32 inch Tv - Black,"5,105",N/A,television,noon
Evolve 50 Inch 4K Smart LED Frameless TV - VLD50SAWOR,"12,449",22%,television,noon
Hershman 40 inch  Hd Led Television HM40B02-F Black,"7,499",N/A,television,noon
"SKYLINE SkyLine 43 Inch FHD Smart LED TV, Black - 43SF01","9,500",N/A,television,noon
Samsung Samsung 60 Inches 4K Crystal UHD Smart LED TV with Built in Receiver- UA60DU7000UXEG Black,"19,799",13%,television,noon
"Samsung 50 Inch TV Crystal Processor 4K LED [2024 Model] UA50DU8000UXEG, DU8000 Titan Gray UA50DU8000UXEG, DU8000 Titan Gray","17,890",18%,television,noon
Haier 50 Inch 4K QLED Smart Google TV - Gaming@120 Hz  - Dolby Vision & Atmos - MEMC/VRR/ALLM  - 2+32GB RAM/ ROM - Voice Control - HDR10 - Chromecast- HDMI 2.1 - Premium Bezel-Less Design - H50S80EU Black,"25,599",N/A,television,noon
Samsung 43 Inch 4K UHD Smart LED TV With Built-In Receiver - UA43DU7000UXEG Black,"14,390",20%,television,noon
SKYLINE 32-Inch HD LED TV Skyline LED32-22A Black,"4,999",19%,television,noon
"TORNADO 32 inch LED TV, HD Resolution, Built-in Receiver - 32EC3300E Black","6,748",15%,television,noon
"TORNADO 32 Inch HD Smart TV, Built-In Receiver - 32ES1500E Black","6,940",22%,television,noon
Evolve 43 Inch FHD LED Frameless TV - VLD43NA,"7,299",27%,television,noon
Samsung 32-Inch HD Smart TV With Built In Receiver UA32T5300A / UA32T5300AUXEG Black,"7,799",7%,television,noon
SHARP HD Smart Frameless TV 32 Inch Built-In Receiver - 2T-C32FG6EX Silver,"7,700",14%,television,noon
SHARP 43 Inch FHD Smart Frameless TV With Built in Receiver - 2T-C43FG6EX Silver,"12,199",12%,television,noon
HOHO 32 Inch HD Smart LED TV HK3205S1 Black,"4,999",16%,television,noon
ATA 32-Inch HD LED TV ATA32H0N Black,"4,040",N/A,television,noon
QQ 32-Inch HD LED TV QQ-32HD Black,"4,500",N/A,television,noon
Samsung 43-Inch Full HD Smart TV With Built In Receiver 43T5300 / UA43T5300AUXEG Black,"13,499",5%,television,noon
Grouhy 32 Inch LED HD TV GLD32NA Black,"4,099",48%,television,noon
SKYLINE 32-Inch HD LED Android Smart TV Skyline LED32-22S Smart Black,"4,878",14%,television,noon
Samsung 55 Inch 4K UHD Smart LED TV with Built-in Receiver - UA55DU7000UXEG Black,"57,475",N/A,television,noon
"LG 43 inch, LED Smart TV 43LM6300PVB / 43LM6370PVA Black","14,099",N/A,television,noon
LG LG 60 Inch 4K UHD Smart LED TV with Built-in Receiver 60UQ79006LD Black,"24,199",N/A,television,noon
Evolve 32 Inch HD LED Frameless TV -VLD32NA,"4,199",16%,television,noon
ATA 43-Inch high quality LED TV ATA43F0N Black,"7,066",N/A,television,noon
Hershman 28-inch HD LED TV HM28B02 Black,"4,399",N/A,television,noon
HOHO 32-Inch HD LED Standard TV HK 3205 Black,"4,600",N/A,television,noon
Xiaomi Xiaomi TV 55 Inch 4K UHD Smart LED with Built-in Receiver & Google TV - L55MAAEG Black,"15,999",N/A,television,noon
Samsung 40-Inch Smart Full HD LED TV With Built-In Receiver UA40T5300/UA40T5300AUXEG Black,"13,749",N/A,television,noon
Samsung 65 Inch 4K UHD Smart LED TV with Built-in Receiver - UA65DU7000UXEG Black,"26,000",N/A,television,noon
HOHO 43-Inch Full HD Smart LED TV HK4305S1 Black,"11,699",N/A,television,noon
Samsung 55 inch 4K UHD Smart LED TV with Built-in Receiver UA55DU8000 Titan Gray UA55DU8000 Titan Gray,"21,000",8%,television,noon
"SHARP 50 Inch 4K Frameless TV, Built-In Receiver 4T-C50DL6EX Black","16,499",21%,television,noon
"SHARP 65 Inch 4K Frameless TV, Android, Built-In Receiver 4T-C65DL6EX Black","23,449",14%,television,noon
Evolve 43 Inch FHD Smart LED TV Frameless - VLD43SAWOR,"8,299",7%,television,noon
LG LG 55 Inch 4K UHD Smart LED TV with Built in Receiver - 55UT80006LB 55UT80006LB Black,"24,047",N/A,television,noon
Grouhy 43 Inch FHD LED Frameless TV - GLD43NAV2,"7,299",33%,television,noon
Samsung 50 Inch 4K UHD Smart LED TV - UA50DU7000UXEG 50DU7000 Black,"17,999",N/A,television,noon
"Samsung Smart TV, Crystal UHD, DU7000, 50 Inch, 2024, PurColor, 4K Upscaling, Tizen OS, Q-Symphony (UAE Version) UA50DU7000 Black","37,525",N/A,television,noon
Haier 55 Inch 4K UHD Smart Google TV - Dolby Audio - Stereo Speaker - MEMC/VRR/ALLM  - 2+32GB RAM/ ROM - Voice Control - HDR10 - Chromecast- HDMI 2.1 - Bezel-Less Design - H55K80EU Black,"15,990",N/A,television,noon
Jac 43-inch Smart Android Full HD  LED TV from J ac,"8,799",46%,television,noon
HOHO 43-inch Full HD LED TV HK4305 Piano Black,"10,000",N/A,television,noon
Samsung 75 Inch 4K UHD Smart LED TV with Built-in Receiver - 75DU7000 UA75DU7000UXEG Black,"33,999",N/A,television,noon
TORNADO 4K Smart Frameless LED TV 65 Inch Built-In Receiver 65UA3400E Black,"21,999",N/A,television,noon
SHARP 55 Inch 4K Frameless Smart Android TV  With Built-In Receiver 4T-C55DL6EX Silver,"18,999",10%,television,noon
LG LG 65 Inch 4K UHD Smart LED TV with Built in Receiver - 65UT80006LB 65UT80006LB Black,"28,900",6%,television,noon
Grouhy 32 Inch LED TV Frameless - GLD32NAV2,"4,299",21%,television,noon
Grouhy 55 Inch 4K Ultra HD LED Smart Frameless TV With Built In Receiver - GLD55SAWOR,"13,999",6%,television,noon
ATA 43-Inch Full HD LED Smart TV ATA43F0S Black,"8,180",N/A,television,noon
ATA ATA HD LED Smart 32 inch Tv - Black,"5,105",N/A,television,noon
Evolve 50 Inch 4K Smart LED Frameless TV - VLD50SAWOR,"12,449",22%,television,noon
Hershman 40 inch  Hd Led Television HM40B02-F Black,"7,499",N/A,television,noon
"SKYLINE SkyLine 43 Inch FHD Smart LED TV, Black - 43SF01","9,500",N/A,television,noon
Samsung Samsung 60 Inches 4K Crystal UHD Smart LED TV with Built in Receiver- UA60DU7000UXEG Black,"19,799",13%,television,noon
"Samsung 50 Inch TV Crystal Processor 4K LED [2024 Model] UA50DU8000UXEG, DU8000 Titan Gray UA50DU8000UXEG, DU8000 Titan Gray","17,890",18%,television,noon
Haier 50 Inch 4K QLED Smart Google TV - Gaming@120 Hz  - Dolby Vision & Atmos - MEMC/VRR/ALLM  - 2+32GB RAM/ ROM - Voice Control - HDR10 - Chromecast- HDMI 2.1 - Premium Bezel-Less Design - H50S80EU Black,"25,599",N/A,television,noon
Samsung 43 Inch 4K UHD Smart LED TV With Built-In Receiver - UA43DU7000UXEG Black,"14,390",20%,television,noon
SKYLINE 32-Inch HD LED TV Skyline LED32-22A Black,"4,999",19%,television,noon
"TORNADO 32 inch LED TV, HD Resolution, Built-in Receiver - 32EC3300E Black","6,748",15%,television,noon
"TORNADO 32 Inch HD Smart TV, Built-In Receiver - 32ES1500E Black","6,940",22%,television,noon
Evolve 43 Inch FHD LED Frameless TV - VLD43NA,"7,299",27%,television,noon
Samsung 32-Inch HD Smart TV With Built In Receiver UA32T5300A / UA32T5300AUXEG Black,"7,799",7%,television,noon
SHARP HD Smart Frameless TV 32 Inch Built-In Receiver - 2T-C32FG6EX Silver,"7,700",14%,television,noon
SHARP 43 Inch FHD Smart Frameless TV With Built in Receiver - 2T-C43FG6EX Silver,"12,199",12%,television,noon
HOHO 32 Inch HD Smart LED TV HK3205S1 Black,"4,999",16%,television,noon
ATA 32-Inch HD LED TV ATA32H0N Black,"4,040",N/A,television,noon
QQ 32-Inch HD LED TV QQ-32HD Black,"4,500",N/A,television,noon
Samsung 43-Inch Full HD Smart TV With Built In Receiver 43T5300 / UA43T5300AUXEG Black,"13,499",5%,television,noon
Grouhy 32 Inch LED HD TV GLD32NA Black,"4,099",48%,television,noon
SKYLINE 32-Inch HD LED Android Smart TV Skyline LED32-22S Smart Black,"4,878",14%,television,noon
Samsung 55 Inch 4K UHD Smart LED TV with Built-in Receiver - UA55DU7000UXEG Black,"57,475",N/A,television,noon
"LG 43 inch, LED Smart TV 43LM6300PVB / 43LM6370PVA Black","14,099",N/A,television,noon
LG LG 60 Inch 4K UHD Smart LED TV with Built-in Receiver 60UQ79006LD Black,"24,199",N/A,television,noon
Evolve 32 Inch HD LED Frameless TV -VLD32NA,"4,199",16%,television,noon
ATA 43-Inch high quality LED TV ATA43F0N Black,"7,066",N/A,television,noon
Hershman 28-inch HD LED TV HM28B02 Black,"4,399",N/A,television,noon
HOHO 32-Inch HD LED Standard TV HK 3205 Black,"4,600",N/A,television,noon
Xiaomi Xiaomi TV 55 Inch 4K UHD Smart LED with Built-in Receiver & Google TV - L55MAAEG Black,"15,999",N/A,television,noon
Samsung 40-Inch Smart Full HD LED TV With Built-In Receiver UA40T5300/UA40T5300AUXEG Black,"13,749",N/A,television,noon
Samsung 65 Inch 4K UHD Smart LED TV with Built-in Receiver - UA65DU7000UXEG Black,"26,000",N/A,television,noon
HOHO 43-Inch Full HD Smart LED TV HK4305S1 Black,"11,699",N/A,television,noon
Samsung 55 inch 4K UHD Smart LED TV with Built-in Receiver UA55DU8000 Titan Gray UA55DU8000 Titan Gray,"21,000",8%,television,noon
"SHARP 50 Inch 4K Frameless TV, Built-In Receiver 4T-C50DL6EX Black","16,499",21%,television,noon
"SHARP 65 Inch 4K Frameless TV, Android, Built-In Receiver 4T-C65DL6EX Black","23,449",14%,television,noon
Evolve 43 Inch FHD Smart LED TV Frameless - VLD43SAWOR,"8,299",7%,television,noon
LG LG 55 Inch 4K UHD Smart LED TV with Built in Receiver - 55UT80006LB 55UT80006LB Black,"24,047",N/A,television,noon
Grouhy 43 Inch FHD LED Frameless TV - GLD43NAV2,"7,299",33%,television,noon
Samsung 50 Inch 4K UHD Smart LED TV - UA50DU7000UXEG 50DU7000 Black,"17,999",N/A,television,noon
"Samsung Smart TV, Crystal UHD, DU7000, 50 Inch, 2024, PurColor, 4K Upscaling, Tizen OS, Q-Symphony (UAE Version) UA50DU7000 Black","37,525",N/A,television,noon
Haier 55 Inch 4K UHD Smart Google TV - Dolby Audio - Stereo Speaker - MEMC/VRR/ALLM  - 2+32GB RAM/ ROM - Voice Control - HDR10 - Chromecast- HDMI 2.1 - Bezel-Less Design - H55K80EU Black,"15,990",N/A,television,noon
Jac 43-inch Smart Android Full HD  LED TV from J ac,"8,799",46%,television,noon
HOHO 43-inch Full HD LED TV HK4305 Piano Black,"10,000",N/A,television,noon
Samsung 75 Inch 4K UHD Smart LED TV with Built-in Receiver - 75DU7000 UA75DU7000UXEG Black,"33,999",N/A,television,noon
TORNADO 4K Smart Frameless LED TV 65 Inch Built-In Receiver 65UA3400E Black,"21,999",N/A,television,noon
SHARP 55 Inch 4K Frameless Smart Android TV  With Built-In Receiver 4T-C55DL6EX Silver,"18,999",10%,television,noon
LG LG 65 Inch 4K UHD Smart LED TV with Built in Receiver - 65UT80006LB 65UT80006LB Black,"28,900",6%,television,noon
Grouhy 32 Inch LED TV Frameless - GLD32NAV2,"4,299",21%,television,noon
Grouhy 55 Inch 4K Ultra HD LED Smart Frameless TV With Built In Receiver - GLD55SAWOR,"13,999",6%,television,noon
ATA 43-Inch Full HD LED Smart TV ATA43F0S Black,"8,180",N/A,television,noon
ATA ATA HD LED Smart 32 inch Tv - Black,"5,105",N/A,television,noon
Evolve 50 Inch 4K Smart LED Frameless TV - VLD50SAWOR,"12,449",22%,television,noon
Hershman 40 inch  Hd Led Television HM40B02-F Black,"7,499",N/A,television,noon
"SKYLINE SkyLine 43 Inch FHD Smart LED TV, Black - 43SF01","9,500",N/A,television,noon
Samsung Samsung 60 Inches 4K Crystal UHD Smart LED TV with Built in Receiver- UA60DU7000UXEG Black,"19,799",13%,television,noon
"Samsung 50 Inch TV Crystal Processor 4K LED [2024 Model] UA50DU8000UXEG, DU8000 Titan Gray UA50DU8000UXEG, DU8000 Titan Gray","17,890",18%,television,noon
Haier 50 Inch 4K QLED Smart Google TV - Gaming@120 Hz  - Dolby Vision & Atmos - MEMC/VRR/ALLM  - 2+32GB RAM/ ROM - Voice Control - HDR10 - Chromecast- HDMI 2.1 - Premium Bezel-Less Design - H50S80EU Black,"25,599",N/A,television,noon
Samsung 43 Inch 4K UHD Smart LED TV With Built-In Receiver - UA43DU7000UXEG Black,"14,390",20%,television,noon
SKYLINE 32-Inch HD LED TV Skyline LED32-22A Black,"4,999",19%,television,noon
"TORNADO 32 inch LED TV, HD Resolution, Built-in Receiver - 32EC3300E Black","6,748",15%,television,noon
"TORNADO 32 Inch HD Smart TV, Built-In Receiver - 32ES1500E Black","6,940",22%,television,noon
Evolve 43 Inch FHD LED Frameless TV - VLD43NA,"7,299",27%,television,noon
Samsung 32-Inch HD Smart TV With Built In Receiver UA32T5300A / UA32T5300AUXEG Black,"7,799",7%,television,noon
SHARP HD Smart Frameless TV 32 Inch Built-In Receiver - 2T-C32FG6EX Silver,"7,700",14%,television,noon
SHARP 43 Inch FHD Smart Frameless TV With Built in Receiver - 2T-C43FG6EX Silver,"12,199",12%,television,noon
HOHO 32 Inch HD Smart LED TV HK3205S1 Black,"4,999",16%,television,noon
ATA 32-Inch HD LED TV ATA32H0N Black,"4,040",N/A,television,noon
QQ 32-Inch HD LED TV QQ-32HD Black,"4,500",N/A,television,noon
Samsung 43-Inch Full HD Smart TV With Built In Receiver 43T5300 / UA43T5300AUXEG Black,"13,499",5%,television,noon
Grouhy 32 Inch LED HD TV GLD32NA Black,"4,099",48%,television,noon
SKYLINE 32-Inch HD LED Android Smart TV Skyline LED32-22S Smart Black,"4,878",14%,television,noon
Samsung 55 Inch 4K UHD Smart LED TV with Built-in Receiver - UA55DU7000UXEG Black,"57,475",N/A,television,noon
"LG 43 inch, LED Smart TV 43LM6300PVB / 43LM6370PVA Black","14,099",N/A,television,noon
LG LG 60 Inch 4K UHD Smart LED TV with Built-in Receiver 60UQ79006LD Black,"24,199",N/A,television,noon
Evolve 32 Inch HD LED Frameless TV -VLD32NA,"4,199",16%,television,noon
ATA 43-Inch high quality LED TV ATA43F0N Black,"7,066",N/A,television,noon
Hershman 28-inch HD LED TV HM28B02 Black,"4,399",N/A,television,noon
HOHO 32-Inch HD LED Standard TV HK 3205 Black,"4,600",N/A,television,noon
Xiaomi Xiaomi TV 55 Inch 4K UHD Smart LED with Built-in Receiver & Google TV - L55MAAEG Black,"15,999",N/A,television,noon
Samsung 40-Inch Smart Full HD LED TV With Built-In Receiver UA40T5300/UA40T5300AUXEG Black,"13,749",N/A,television,noon
Samsung 65 Inch 4K UHD Smart LED TV with Built-in Receiver - UA65DU7000UXEG Black,"26,000",N/A,television,noon
HOHO 43-Inch Full HD Smart LED TV HK4305S1 Black,"11,699",N/A,television,noon
Samsung 55 inch 4K UHD Smart LED TV with Built-in Receiver UA55DU8000 Titan Gray UA55DU8000 Titan Gray,"21,000",8%,television,noon
"SHARP 50 Inch 4K Frameless TV, Built-In Receiver 4T-C50DL6EX Black","16,499",21%,television,noon
"SHARP 65 Inch 4K Frameless TV, Android, Built-In Receiver 4T-C65DL6EX Black","23,449",14%,television,noon
Evolve 43 Inch FHD Smart LED TV Frameless - VLD43SAWOR,"8,299",7%,television,noon
LG LG 55 Inch 4K UHD Smart LED TV with Built in Receiver - 55UT80006LB 55UT80006LB Black,"24,047",N/A,television,noon
Grouhy 43 Inch FHD LED Frameless TV - GLD43NAV2,"7,299",33%,television,noon
Samsung 50 Inch 4K UHD Smart LED TV - UA50DU7000UXEG 50DU7000 Black,"17,999",N/A,television,noon
"Samsung Smart TV, Crystal UHD, DU7000, 50 Inch, 2024, PurColor, 4K Upscaling, Tizen OS, Q-Symphony (UAE Version) UA50DU7000 Black","37,525",N/A,television,noon
Haier 55 Inch 4K UHD Smart Google TV - Dolby Audio - Stereo Speaker - MEMC/VRR/ALLM  - 2+32GB RAM/ ROM - Voice Control - HDR10 - Chromecast- HDMI 2.1 - Bezel-Less Design - H55K80EU Black,"15,990",N/A,television,noon
Jac 43-inch Smart Android Full HD  LED TV from J ac,"8,799",46%,television,noon
HOHO 43-inch Full HD LED TV HK4305 Piano Black,"10,000",N/A,television,noon
Samsung 75 Inch 4K UHD Smart LED TV with Built-in Receiver - 75DU7000 UA75DU7000UXEG Black,"33,999",N/A,television,noon
TORNADO 4K Smart Frameless LED TV 65 Inch Built-In Receiver 65UA3400E Black,"21,999",N/A,television,noon
SHARP 55 Inch 4K Frameless Smart Android TV  With Built-In Receiver 4T-C55DL6EX Silver,"18,999",10%,television,noon
LG LG 65 Inch 4K UHD Smart LED TV with Built in Receiver - 65UT80006LB 65UT80006LB Black,"28,900",6%,television,noon
Grouhy 32 Inch LED TV Frameless - GLD32NAV2,"4,299",21%,television,noon
Grouhy 55 Inch 4K Ultra HD LED Smart Frameless TV With Built In Receiver - GLD55SAWOR,"13,999",6%,television,noon
ATA 43-Inch Full HD LED Smart TV ATA43F0S Black,"8,180",N/A,television,noon
ATA ATA HD LED Smart 32 inch Tv - Black,"5,105",N/A,television,noon
Evolve 50 Inch 4K Smart LED Frameless TV - VLD50SAWOR,"12,449",22%,television,noon
Hershman 40 inch  Hd Led Television HM40B02-F Black,"7,499",N/A,television,noon
"SKYLINE SkyLine 43 Inch FHD Smart LED TV, Black - 43SF01","9,500",N/A,television,noon
Samsung Samsung 60 Inches 4K Crystal UHD Smart LED TV with Built in Receiver- UA60DU7000UXEG Black,"19,799",13%,television,noon
"Samsung 50 Inch TV Crystal Processor 4K LED [2024 Model] UA50DU8000UXEG, DU8000 Titan Gray UA50DU8000UXEG, DU8000 Titan Gray","17,890",18%,television,noon
Haier 50 Inch 4K QLED Smart Google TV - Gaming@120 Hz  - Dolby Vision & Atmos - MEMC/VRR/ALLM  - 2+32GB RAM/ ROM - Voice Control - HDR10 - Chromecast- HDMI 2.1 - Premium Bezel-Less Design - H50S80EU Black,"25,599",N/A,television,noon
Samsung 43 Inch 4K UHD Smart LED TV With Built-In Receiver - UA43DU7000UXEG Black,"14,390",20%,television,noon
SKYLINE 32-Inch HD LED TV Skyline LED32-22A Black,"4,999",19%,television,noon
"TORNADO 32 inch LED TV, HD Resolution, Built-in Receiver - 32EC3300E Black","6,748",15%,television,noon
"TORNADO 32 Inch HD Smart TV, Built-In Receiver - 32ES1500E Black","6,940",22%,television,noon
Evolve 43 Inch FHD LED Frameless TV - VLD43NA,"7,299",27%,television,noon
Samsung 32-Inch HD Smart TV With Built In Receiver UA32T5300A / UA32T5300AUXEG Black,"7,799",7%,television,noon
SHARP HD Smart Frameless TV 32 Inch Built-In Receiver - 2T-C32FG6EX Silver,"7,700",14%,television,noon
SHARP 43 Inch FHD Smart Frameless TV With Built in Receiver - 2T-C43FG6EX Silver,"12,199",12%,television,noon
HOHO 32 Inch HD Smart LED TV HK3205S1 Black,"4,999",16%,television,noon
ATA 32-Inch HD LED TV ATA32H0N Black,"4,040",N/A,television,noon
QQ 32-Inch HD LED TV QQ-32HD Black,"4,500",N/A,television,noon
Samsung 43-Inch Full HD Smart TV With Built In Receiver 43T5300 / UA43T5300AUXEG Black,"13,499",5%,television,noon
Grouhy 32 Inch LED HD TV GLD32NA Black,"4,099",48%,television,noon
SKYLINE 32-Inch HD LED Android Smart TV Skyline LED32-22S Smart Black,"4,878",14%,television,noon
Samsung 55 Inch 4K UHD Smart LED TV with Built-in Receiver - UA55DU7000UXEG Black,"57,475",N/A,television,noon
"LG 43 inch, LED Smart TV 43LM6300PVB / 43LM6370PVA Black","14,099",N/A,television,noon
LG LG 60 Inch 4K UHD Smart LED TV with Built-in Receiver 60UQ79006LD Black,"24,199",N/A,television,noon
Evolve 32 Inch HD LED Frameless TV -VLD32NA,"4,199",16%,television,noon
ATA 43-Inch high quality LED TV ATA43F0N Black,"7,066",N/A,television,noon
Hershman 28-inch HD LED TV HM28B02 Black,"4,399",N/A,television,noon
HOHO 32-Inch HD LED Standard TV HK 3205 Black,"4,600",N/A,television,noon
Xiaomi Xiaomi TV 55 Inch 4K UHD Smart LED with Built-in Receiver & Google TV - L55MAAEG Black,"15,999",N/A,television,noon
Samsung 40-Inch Smart Full HD LED TV With Built-In Receiver UA40T5300/UA40T5300AUXEG Black,"13,749",N/A,television,noon
Samsung 65 Inch 4K UHD Smart LED TV with Built-in Receiver - UA65DU7000UXEG Black,"26,000",N/A,television,noon
HOHO 43-Inch Full HD Smart LED TV HK4305S1 Black,"11,699",N/A,television,noon
Samsung 55 inch 4K UHD Smart LED TV with Built-in Receiver UA55DU8000 Titan Gray UA55DU8000 Titan Gray,"21,000",8%,television,noon
"SHARP 50 Inch 4K Frameless TV, Built-In Receiver 4T-C50DL6EX Black","16,499",21%,television,noon
"SHARP 65 Inch 4K Frameless TV, Android, Built-In Receiver 4T-C65DL6EX Black","23,449",14%,television,noon
Evolve 43 Inch FHD Smart LED TV Frameless - VLD43SAWOR,"8,299",7%,television,noon
LG LG 55 Inch 4K UHD Smart LED TV with Built in Receiver - 55UT80006LB 55UT80006LB Black,"24,047",N/A,television,noon
Grouhy 43 Inch FHD LED Frameless TV - GLD43NAV2,"7,299",33%,television,noon
Samsung 50 Inch 4K UHD Smart LED TV - UA50DU7000UXEG 50DU7000 Black,"17,999",N/A,television,noon
"Samsung Smart TV, Crystal UHD, DU7000, 50 Inch, 2024, PurColor, 4K Upscaling, Tizen OS, Q-Symphony (UAE Version) UA50DU7000 Black","37,525",N/A,television,noon
Haier 55 Inch 4K UHD Smart Google TV - Dolby Audio - Stereo Speaker - MEMC/VRR/ALLM  - 2+32GB RAM/ ROM - Voice Control - HDR10 - Chromecast- HDMI 2.1 - Bezel-Less Design - H55K80EU Black,"15,990",N/A,television,noon
Jac 43-inch Smart Android Full HD  LED TV from J ac,"8,799",46%,television,noon
HOHO 43-inch Full HD LED TV HK4305 Piano Black,"10,000",N/A,television,noon
Samsung 75 Inch 4K UHD Smart LED TV with Built-in Receiver - 75DU7000 UA75DU7000UXEG Black,"33,999",N/A,television,noon
TORNADO 4K Smart Frameless LED TV 65 Inch Built-In Receiver 65UA3400E Black,"21,999",N/A,television,noon
SHARP 55 Inch 4K Frameless Smart Android TV  With Built-In Receiver 4T-C55DL6EX Silver,"18,999",10%,television,noon
LG LG 65 Inch 4K UHD Smart LED TV with Built in Receiver - 65UT80006LB 65UT80006LB Black,"28,900",6%,television,noon
Grouhy 32 Inch LED TV Frameless - GLD32NAV2,"4,299",21%,television,noon
Grouhy 55 Inch 4K Ultra HD LED Smart Frameless TV With Built In Receiver - GLD55SAWOR,"13,999",6%,television,noon
ATA 43-Inch Full HD LED Smart TV ATA43F0S Black,"8,180",N/A,television,noon
ATA ATA HD LED Smart 32 inch Tv - Black,"5,105",N/A,television,noon
Evolve 50 Inch 4K Smart LED Frameless TV - VLD50SAWOR,"12,449",22%,television,noon
Hershman 40 inch  Hd Led Television HM40B02-F Black,"7,499",N/A,television,noon
"SKYLINE SkyLine 43 Inch FHD Smart LED TV, Black - 43SF01","9,500",N/A,television,noon
Samsung Samsung 60 Inches 4K Crystal UHD Smart LED TV with Built in Receiver- UA60DU7000UXEG Black,"19,799",13%,television,noon
"Samsung 50 Inch TV Crystal Processor 4K LED [2024 Model] UA50DU8000UXEG, DU8000 Titan Gray UA50DU8000UXEG, DU8000 Titan Gray","17,890",18%,television,noon
Haier 50 Inch 4K QLED Smart Google TV - Gaming@120 Hz  - Dolby Vision & Atmos - MEMC/VRR/ALLM  - 2+32GB RAM/ ROM - Voice Control - HDR10 - Chromecast- HDMI 2.1 - Premium Bezel-Less Design - H50S80EU Black,"25,599",N/A,television,noon
Samsung 43 Inch 4K UHD Smart LED TV With Built-In Receiver - UA43DU7000UXEG Black,"14,390",20%,television,noon
SKYLINE 32-Inch HD LED TV Skyline LED32-22A Black,"4,999",19%,television,noon
"TORNADO 32 inch LED TV, HD Resolution, Built-in Receiver - 32EC3300E Black","6,748",15%,television,noon
"TORNADO 32 Inch HD Smart TV, Built-In Receiver - 32ES1500E Black","6,940",22%,television,noon
Evolve 43 Inch FHD LED Frameless TV - VLD43NA,"7,299",27%,television,noon
Samsung 32-Inch HD Smart TV With Built In Receiver UA32T5300A / UA32T5300AUXEG Black,"7,799",7%,television,noon
SHARP HD Smart Frameless TV 32 Inch Built-In Receiver - 2T-C32FG6EX Silver,"7,700",14%,television,noon
SHARP 43 Inch FHD Smart Frameless TV With Built in Receiver - 2T-C43FG6EX Silver,"12,199",12%,television,noon
HOHO 32 Inch HD Smart LED TV HK3205S1 Black,"4,999",16%,television,noon
ATA 32-Inch HD LED TV ATA32H0N Black,"4,040",N/A,television,noon
QQ 32-Inch HD LED TV QQ-32HD Black,"4,500",N/A,television,noon
Samsung 43-Inch Full HD Smart TV With Built In Receiver 43T5300 / UA43T5300AUXEG Black,"13,499",5%,television,noon
Grouhy 32 Inch LED HD TV GLD32NA Black,"4,099",48%,television,noon
SKYLINE 32-Inch HD LED Android Smart TV Skyline LED32-22S Smart Black,"4,878",14%,television,noon
Samsung 55 Inch 4K UHD Smart LED TV with Built-in Receiver - UA55DU7000UXEG Black,"57,475",N/A,television,noon
"LG 43 inch, LED Smart TV 43LM6300PVB / 43LM6370PVA Black","14,099",N/A,television,noon
LG LG 60 Inch 4K UHD Smart LED TV with Built-in Receiver 60UQ79006LD Black,"24,199",N/A,television,noon
Evolve 32 Inch HD LED Frameless TV -VLD32NA,"4,199",16%,television,noon
ATA 43-Inch high quality LED TV ATA43F0N Black,"7,066",N/A,television,noon
Hershman 28-inch HD LED TV HM28B02 Black,"4,399",N/A,television,noon
HOHO 32-Inch HD LED Standard TV HK 3205 Black,"4,600",N/A,television,noon
Xiaomi Xiaomi TV 55 Inch 4K UHD Smart LED with Built-in Receiver & Google TV - L55MAAEG Black,"15,999",N/A,television,noon
Samsung 40-Inch Smart Full HD LED TV With Built-In Receiver UA40T5300/UA40T5300AUXEG Black,"13,749",N/A,television,noon
Samsung 65 Inch 4K UHD Smart LED TV with Built-in Receiver - UA65DU7000UXEG Black,"26,000",N/A,television,noon
HOHO 43-Inch Full HD Smart LED TV HK4305S1 Black,"11,699",N/A,television,noon
Samsung 55 inch 4K UHD Smart LED TV with Built-in Receiver UA55DU8000 Titan Gray UA55DU8000 Titan Gray,"21,000",8%,television,noon
"SHARP 50 Inch 4K Frameless TV, Built-In Receiver 4T-C50DL6EX Black","16,499",21%,television,noon
"SHARP 65 Inch 4K Frameless TV, Android, Built-In Receiver 4T-C65DL6EX Black","23,449",14%,television,noon
Evolve 43 Inch FHD Smart LED TV Frameless - VLD43SAWOR,"8,299",7%,television,noon
LG LG 55 Inch 4K UHD Smart LED TV with Built in Receiver - 55UT80006LB 55UT80006LB Black,"24,047",N/A,television,noon
Grouhy 43 Inch FHD LED Frameless TV - GLD43NAV2,"7,299",33%,television,noon
Samsung 50 Inch 4K UHD Smart LED TV - UA50DU7000UXEG 50DU7000 Black,"17,999",N/A,television,noon
"Samsung Smart TV, Crystal UHD, DU7000, 50 Inch, 2024, PurColor, 4K Upscaling, Tizen OS, Q-Symphony (UAE Version) UA50DU7000 Black","37,525",N/A,television,noon
Haier 55 Inch 4K UHD Smart Google TV - Dolby Audio - Stereo Speaker - MEMC/VRR/ALLM  - 2+32GB RAM/ ROM - Voice Control - HDR10 - Chromecast- HDMI 2.1 - Bezel-Less Design - H55K80EU Black,"15,990",N/A,television,noon
Jac 43-inch Smart Android Full HD  LED TV from J ac,"8,799",46%,television,noon
HOHO 43-inch Full HD LED TV HK4305 Piano Black,"10,000",N/A,television,noon
Samsung 75 Inch 4K UHD Smart LED TV with Built-in Receiver - 75DU7000 UA75DU7000UXEG Black,"33,999",N/A,television,noon
TORNADO 4K Smart Frameless LED TV 65 Inch Built-In Receiver 65UA3400E Black,"21,999",N/A,television,noon
SHARP 55 Inch 4K Frameless Smart Android TV  With Built-In Receiver 4T-C55DL6EX Silver,"18,999",10%,television,noon
LG LG 65 Inch 4K UHD Smart LED TV with Built in Receiver - 65UT80006LB 65UT80006LB Black,"28,900",6%,television,noon
Grouhy 32 Inch LED TV Frameless - GLD32NAV2,"4,299",21%,television,noon
Grouhy 55 Inch 4K Ultra HD LED Smart Frameless TV With Built In Receiver - GLD55SAWOR,"13,999",6%,television,noon
ATA 43-Inch Full HD LED Smart TV ATA43F0S Black,"8,180",N/A,television,noon
ATA ATA HD LED Smart 32 inch Tv - Black,"5,105",N/A,television,noon
Evolve 50 Inch 4K Smart LED Frameless TV - VLD50SAWOR,"12,449",22%,television,noon
Hershman 40 inch  Hd Led Television HM40B02-F Black,"7,499",N/A,television,noon
"SKYLINE SkyLine 43 Inch FHD Smart LED TV, Black - 43SF01","9,500",N/A,television,noon
Samsung Samsung 60 Inches 4K Crystal UHD Smart LED TV with Built in Receiver- UA60DU7000UXEG Black,"19,799",13%,television,noon
"Samsung 50 Inch TV Crystal Processor 4K LED [2024 Model] UA50DU8000UXEG, DU8000 Titan Gray UA50DU8000UXEG, DU8000 Titan Gray","17,890",18%,television,noon
Haier 50 Inch 4K QLED Smart Google TV - Gaming@120 Hz  - Dolby Vision & Atmos - MEMC/VRR/ALLM  - 2+32GB RAM/ ROM - Voice Control - HDR10 - Chromecast- HDMI 2.1 - Premium Bezel-Less Design - H50S80EU Black,"25,599",N/A,television,noon
